performance,safety,price,ac,interior,exterior,wheel,originate,sound,fuel,light,brake,entry,maintenance,size,warranty
accelerate,accident,afford,aircleaner,leather,metal,wheel,America,mp3,oil,dim,brake,lock,repair,big,warrant
aggressive,airbag,cheap,airconditioning,seat,aluminum,,japan,amuse,hybrid,dimming,stop,keyless,mainten,small,
assistance,alarm,expensive,airfilter,belt,art,,amsterdam,amx,fuel,lamp,,,maintan,midsize,
athletic,alert,budget,airflow,buckle,attact,,austri,audio,efficient,beam,,,malfunction,,
performance,crush,pay,filter,inside,window,,europe,beats,,hazard,,,,,
handling,theft,wallet,,button,body,,korea,bluetooth,,,,,,,
turning,dangerous,,,,sunroof,,zurich,blutooth,,,,,,,
speed,injury,,,,shape,,,volume,,,,,,,
velocity,death,,,,appearing,,,keyboard,,,,,,,
,,,,,style,,,phone,,,,,,,
,,,,,vault,,,listen,,,,,,,
,,,,,,,,radio,,,,,,,
